"Hierarchy Level","Page Type","Page Sub Type","Content Type","Friendly URL","Page ID","Page Title","Full URL","Level 1","Level 2","Level 3","Level 4","Level 5","Level 6","Top Level",Homepage?,"Toggle URL"
1,"Home Page","Home Page",basic_page,/es,1,"Información del Gobierno de Estados Unidos a su alcance",https://www.usa.gov/es,"Página principal","Página principal","Página principal","Página principal","Página principal","Página principal","USAGov Español",homepage,None
0,1,2,3,4,5,"Buying from the U.S. government",7,8,9,10,11,12,13,14,15,None
0,1,2,3,4,5,"Approaching retirement",7,8,9,10,11,12,13,14,15,None
0,1,2,3,4,5,"Transitioning to adulthood",7,8,9,10,11,12,13,14,15,None
0,1,2,3,4,5,"Recovering from a disaster",7,8,9,10,11,12,13,14,15,None
0,1,2,3,4,5,"Rental assistance",7,8,9,10,11,12,13,14,15,None
0,1,2,3,4,5,"Having a child and early childhood",7,8,9,10,11,12,13,14,15,None
0,1,2,3,4,5,"Dealing with the death of a loved one",7,8,9,10,11,12,13,14,15,None
0,1,2,3,4,5,"Home buying assistance",7,8,9,10,11,12,13,14,15,None
0,1,2,3,4,5,"Emergency housing assistance",7,8,9,10,11,12,13,14,15,None
0,1,2,3,4,5,"Facing financial hardship",7,8,9,10,11,12,13,14,15,None
0,1,2,3,4,5,"Travel to or within the U.S.",7,8,9,10,11,12,13,14,15,None
0,1,2,3,4,5,"U.S. citizens traveling abroad",7,8,9,10,11,12,13,14,15,None
0,1,2,3,4,5,"Visit the U.S. as a tourist",7,8,9,10,11,12,13,14,15,None
0,1,2,3,4,5,"USA.gov website data",7,8,9,10,11,12,13,14,15,None
0,1,2,3,4,5,"Government grants and loans",7,8,9,10,11,12,13,14,15,None
0,1,2,3,4,5,"Credit reports and scores",7,8,9,10,11,12,13,14,15,None
0,1,2,3,4,5,"How to find jobs and free training",7,8,9,10,11,12,13,14,15,None
0,1,2,3,4,5,"Website policies and notices",7,8,9,10,11,12,13,14,15,None
0,1,2,3,4,5,"Will my computer work with USA.gov?",7,8,9,10,11,12,13,14,15,None
0,1,2,3,4,5,"Veterans health",7,8,9,10,11,12,13,14,15,None
0,1,2,3,4,5,"Federally recognized Indian tribes and resources for Native Americans",7,8,9,10,11,12,13,14,15,None
0,1,2,3,4,5,"Veterans jobs and training",7,8,9,10,11,12,13,14,15,None
0,1,2,3,4,5,"Termination of employment",7,8,9,10,11,12,13,14,15,None
0,1,2,3,4,5,"Selective Service",7,8,9,10,11,12,13,14,15,None
0,1,2,3,4,5,"Products and programs",7,8,9,10,11,12,13,14,15,None
0,1,2,3,4,5,"Privacy and security policies",7,8,9,10,11,12,13,14,15,None
0,1,2,3,4,5,"Partner with USAGov",7,8,9,10,11,12,13,14,15,None
0,1,2,3,4,5,"Home repair and energy efficiency assistance",7,8,9,10,11,12,13,14,15,None
0,1,2,3,4,5,"Military pay and benefits",7,8,9,10,11,12,13,14,15,None
0,1,2,3,4,5,"Military and veteran IDs",7,8,9,10,11,12,13,14,15,None
0,1,2,3,4,5,"Life events",7,8,9,10,11,12,13,14,15,None
0,1,2,3,4,5,"Labor laws and worker protection",7,8,9,10,11,12,13,14,15,None
0,1,2,3,4,5,"Free commercial downloads",7,8,9,10,11,12,13,14,15,None
0,1,2,3,4,5,"The Family and Medical Leave Act for workers and employers",7,8,9,10,11,12,13,14,15,None
0,1,2,3,4,5,"Eviction and foreclosure",7,8,9,10,11,12,13,14,15,None
0,1,2,3,4,5,"Emergency help for Americans abroad",7,8,9,10,11,12,13,14,15,None
0,1,2,3,4,5,"Financial assistance after a disaster",7,8,9,10,11,12,13,14,15,None
0,1,2,3,4,5,"USAGov feature articles",7,8,9,10,11,12,13,14,15,None
0,1,2,3,4,5,"Accessibility policy",7,8,9,10,11,12,13,14,15,None
0,1,2,3,4,5,"Veterans burial and survivor benefits",7,8,9,10,11,12,13,14,15,None
0,1,2,3,4,5,"How to cite USA.gov",7,8,9,10,11,12,13,14,15,None
0,1,2,3,4,5,"Pa11y Text",7,8,9,10,11,12,13,14,15,None
0,1,2,3,4,5,"Help with utility bills",7,8,9,10,11,12,13,14,15,None
0,1,2,3,4,5,"Food assistance",7,8,9,10,11,12,13,14,15,None
0,1,2,3,4,5,"Social Security",7,8,9,10,11,12,13,14,15,None
0,1,2,3,4,5,"How to get veterans health benefits",7,8,9,10,11,12,13,14,15,None
0,1,2,3,4,5,"Contact us",7,8,9,10,11,12,13,14,15,None
0,1,2,3,4,5,"Call USAGov",7,8,9,10,11,12,13,14,15,None
0,1,2,3,4,5,"Thank you for reporting an issue",7,8,9,10,11,12,13,14,15,None
0,1,2,3,4,5,"Chat with USAGov",7,8,9,10,11,12,13,14,15,None
0,1,2,3,4,5,"State and local governments",7,8,9,10,11,12,13,14,15,None
0,1,2,3,4,5,"Housing complaints",7,8,9,10,11,12,13,14,15,None
0,1,2,3,4,5,"Report an issue with the website USA.gov",7,8,9,10,11,12,13,14,15,None
0,1,2,3,4,5,"Local governments",7,8,9,10,11,12,13,14,15,None
0,1,2,3,4,5,"State attorneys general",7,8,9,10,11,12,13,14,15,None
0,1,2,3,4,5,"State departments of corrections",7,8,9,10,11,12,13,14,15,None
0,1,2,3,4,5,"State emergency management agencies",7,8,9,10,11,12,13,14,15,None
0,1,2,3,4,5,"State consumer protection offices",7,8,9,10,11,12,13,14,15,None
0,1,2,3,4,5,"State motor vehicle services",7,8,9,10,11,12,13,14,15,None
0,1,2,3,4,5,"State health departments",7,8,9,10,11,12,13,14,15,None
0,1,2,3,4,5,"State governors",7,8,9,10,11,12,13,14,15,None
0,1,2,3,4,5,"Permanent Resident (Green) Card and immigrant visas",7,8,9,10,11,12,13,14,15,None
0,1,2,3,4,5,"State social service agencies",7,8,9,10,11,12,13,14,15,None
0,1,2,3,4,5,"State and local election offices",7,8,9,10,11,12,13,14,15,None
0,1,2,3,4,5,"U.S. passports",7,8,9,10,11,12,13,14,15,None
0,1,2,3,4,5,"Apply for an immigrant visa",7,8,9,10,11,12,13,14,15,None
0,1,2,3,4,5,"Diversity Immigrant Visa Program (Green Card Lottery)",7,8,9,10,11,12,13,14,15,None
0,1,2,3,4,5,"Understand, get, and improve your credit score",7,8,9,10,11,12,13,14,15,None
0,1,2,3,4,5,"Avoid “free money” from the government scams",7,8,9,10,11,12,13,14,15,None
0,1,2,3,4,5,"How to get a government loan",7,8,9,10,11,12,13,14,15,None
0,1,2,3,4,5,"How to place or lift a security freeze on your credit report",7,8,9,10,11,12,13,14,15,None
0,1,2,3,4,5,"Dispute errors on your credit report",7,8,9,10,11,12,13,14,15,None
0,1,2,3,4,5,"How to get a Green Card",7,8,9,10,11,12,13,14,15,None
0,1,2,3,4,5,"How to find unclaimed money from the government",7,8,9,10,11,12,13,14,15,None
0,1,2,3,4,5,"Your search didn't work",7,8,9,10,11,12,13,14,15,None
0,1,2,3,4,5,"Government grants",7,8,9,10,11,12,13,14,15,None
0,1,2,3,4,5,"Nonimmigrant work visas",7,8,9,10,11,12,13,14,15,None
0,1,2,3,4,5,"Email your elected official",7,8,9,10,11,12,13,14,15,None
0,1,2,3,4,5,"Nonimmigrant and tourist visas",7,8,9,10,11,12,13,14,15,None
0,1,2,3,4,5,"Refugees and asylum",7,8,9,10,11,12,13,14,15,None
0,1,2,3,4,5,"U.S. citizenship",7,8,9,10,11,12,13,14,15,None
0,1,2,3,4,5,Deportation,7,8,9,10,11,12,13,14,15,None
0,1,2,3,4,5,"U.S. facts and figures",7,8,9,10,11,12,13,14,15,None
0,1,2,3,4,5,"Wage laws",7,8,9,10,11,12,13,14,15,None
0,1,2,3,4,5,"Bank, credit, and securities complaints",7,8,9,10,11,12,13,14,15,None
0,1,2,3,4,5,"How to apply for disaster assistance",7,8,9,10,11,12,13,14,15,None
0,1,2,3,4,5,"Get help with bills after a disaster",7,8,9,10,11,12,13,14,15,None
0,1,2,3,4,5,"Get help with your mortgage or a loan for home repairs after a disaster",7,8,9,10,11,12,13,14,15,None
0,1,2,3,4,5,"Food assistance after a disaster",7,8,9,10,11,12,13,14,15,None
0,1,2,3,4,5,"How to apply for a small business disaster loan",7,8,9,10,11,12,13,14,15,None
0,1,2,3,4,5,"Government auctions of boats and aircraft",7,8,9,10,11,12,13,14,15,None
0,1,2,3,4,5,"Find housing after a disaster",7,8,9,10,11,12,13,14,15,None
0,1,2,3,4,5,"Unemployment benefits after a disaster",7,8,9,10,11,12,13,14,15,None
0,1,2,3,4,5,"Branches of the U.S. government",7,8,9,10,11,12,13,14,15,None
0,1,2,3,4,5,"Government auctions of seized and surplus property",7,8,9,10,11,12,13,14,15,None
0,1,2,3,4,5,"Financial assistance and services for Native Americans",7,8,9,10,11,12,13,14,15,None
0,1,2,3,4,5,"Housing assistance for Native Americans",7,8,9,10,11,12,13,14,15,None
0,1,2,3,4,5,"Federally recognized American Indian tribes and Alaska Native entities",7,8,9,10,11,12,13,14,15,None
0,1,2,3,4,5,"American money",7,8,9,10,11,12,13,14,15,None
0,1,2,3,4,5,"American holidays",7,8,9,10,11,12,13,14,15,None
0,1,2,3,4,5,"The federal budget process",7,8,9,10,11,12,13,14,15,None
0,1,2,3,4,5,"Historical documents",7,8,9,10,11,12,13,14,15,None
0,1,2,3,4,5,"Government vehicle auctions",7,8,9,10,11,12,13,14,15,None
0,1,2,3,4,5,"Order of presidential succession",7,8,9,10,11,12,13,14,15,None
0,1,2,3,4,5,"The U.S. national anthem",7,8,9,10,11,12,13,14,15,None
0,1,2,3,4,5,"Presidents, vice presidents, and first ladies",7,8,9,10,11,12,13,14,15,None
0,1,2,3,4,5,"Find libraries and archives",7,8,9,10,11,12,13,14,15,None
0,1,2,3,4,5,"Workers' compensation",7,8,9,10,11,12,13,14,15,None
0,1,2,3,4,5,"Minimum wage",7,8,9,10,11,12,13,14,15,None
0,1,2,3,4,5,"Overtime pay",7,8,9,10,11,12,13,14,15,None
0,1,2,3,4,5,"Wrongful termination",7,8,9,10,11,12,13,14,15,None
0,1,2,3,4,5,"Termination guidance for employers",7,8,9,10,11,12,13,14,15,None
0,1,2,3,4,5,"Employer responsibilities under the FMLA",7,8,9,10,11,12,13,14,15,None
0,1,2,3,4,5,"The Family and Medical Leave Act (FMLA)",7,8,9,10,11,12,13,14,15,None
0,1,2,3,4,5,"Job programs for veterans",7,8,9,10,11,12,13,14,15,None
0,1,2,3,4,5,"Federal jobs for veterans",7,8,9,10,11,12,13,14,15,None
0,1,2,3,4,5,"How to find free job training",7,8,9,10,11,12,13,14,15,None
0,1,2,3,4,5,"Discrimination, harassment, and retaliation",7,8,9,10,11,12,13,14,15,None
0,1,2,3,4,5,"Requirements to join the U.S. military",7,8,9,10,11,12,13,14,15,None
0,1,2,3,4,5,"Find your Selective Service number",7,8,9,10,11,12,13,14,15,None
0,1,2,3,4,5,"Problems with veterans health care",7,8,9,10,11,12,13,14,15,None
0,1,2,3,4,5,"Register for Selective Service (the draft)",7,8,9,10,11,12,13,14,15,None
0,1,2,3,4,5,"Military survivor benefits",7,8,9,10,11,12,13,14,15,None
0,1,2,3,4,5,"Mental health and substance abuse help for veterans",7,8,9,10,11,12,13,14,15,None
0,1,2,3,4,5,"Veteran burial in a national cemetery",7,8,9,10,11,12,13,14,15,None
0,1,2,3,4,5,"Veterans death benefits",7,8,9,10,11,12,13,14,15,None
0,1,2,3,4,5,"Military pay",7,8,9,10,11,12,13,14,15,None
0,1,2,3,4,5,"Military tuition assistance",7,8,9,10,11,12,13,14,15,None
0,1,2,3,4,5,"Military funeral honors",7,8,9,10,11,12,13,14,15,None
0,1,2,3,4,5,"How to report a lost or stolen military or veteran ID card",7,8,9,10,11,12,13,14,15,None
0,1,2,3,4,5,"Locate a military installation",7,8,9,10,11,12,13,14,15,None
0,1,2,3,4,5,"How to get copies of military records",7,8,9,10,11,12,13,14,15,None
0,1,2,3,4,5,"Get or replace a military or veteran ID card",7,8,9,10,11,12,13,14,15,None
0,1,2,3,4,5,"Contact an active duty service member or retiree",7,8,9,10,11,12,13,14,15,None
0,1,2,3,4,5,"How to get an import license or permit",7,8,9,10,11,12,13,14,15,None
0,1,2,3,4,5,"How to get an export license or permit",7,8,9,10,11,12,13,14,15,None
0,1,2,3,4,5,"Unemployment scams",7,8,9,10,11,12,13,14,15,None
0,1,2,3,4,5,"How to start and fund your own business",7,8,9,10,11,12,13,14,15,None
0,1,2,3,4,5,"Imposter scams",7,8,9,10,11,12,13,14,15,None
0,1,2,3,4,5,"Identity theft",7,8,9,10,11,12,13,14,15,None
0,1,2,3,4,5,"Lost or stolen passports",7,8,9,10,11,12,13,14,15,None
0,1,2,3,4,5,"Renew an adult passport",7,8,9,10,11,12,13,14,15,None
0,1,2,3,4,5,"Visas for U.S. citizens traveling abroad",7,8,9,10,11,12,13,14,15,None
0,1,2,3,4,5,"International driver’s license for U.S. citizens",7,8,9,10,11,12,13,14,15,None
0,1,2,3,4,5,"Apply for a new adult passport",7,8,9,10,11,12,13,14,15,None
0,1,2,3,4,5,"What to do if a U.S. citizen dies abroad",7,8,9,10,11,12,13,14,15,None
0,1,2,3,4,5,"How to extend your stay in the U.S.",7,8,9,10,11,12,13,14,15,None
0,1,2,3,4,5,"How to get money if you are in a foreign country during an emergency",7,8,9,10,11,12,13,14,15,None
0,1,2,3,4,5,"How to get emergency assistance if you are in a foreign country",7,8,9,10,11,12,13,14,15,None
0,1,2,3,4,5,"Visa Waiver Program and ESTA application",7,8,9,10,11,12,13,14,15,None
0,1,2,3,4,5,"How to apply for or renew a U.S. tourist visa",7,8,9,10,11,12,13,14,15,None
0,1,2,3,4,5,"Form I-94 arrival-departure record for U.S. visitors",7,8,9,10,11,12,13,14,15,None
0,1,2,3,4,5,"Entering the U.S. from Canada, Mexico, the Caribbean, and Bermuda",7,8,9,10,11,12,13,14,15,None
0,1,2,3,4,5,"Foreign visitors: what to do if your visa or passport is lost or stolen",7,8,9,10,11,12,13,14,15,None
0,1,2,3,4,5,"Driving in the U.S. if you are not a citizen",7,8,9,10,11,12,13,14,15,None
0,1,2,3,4,5,"COVID-19 international travel advisories",7,8,9,10,11,12,13,14,15,None
0,1,2,3,4,5,"Travel documents for foreign citizens returning to the U.S.",7,8,9,10,11,12,13,14,15,None
0,1,2,3,4,5,"International travel documents for children",7,8,9,10,11,12,13,14,15,None
0,1,2,3,4,5,"How to help survivors after a disaster",7,8,9,10,11,12,13,14,15,None
0,1,2,3,4,5,"File a complaint against a federal or state government agency",7,8,9,10,11,12,13,14,15,None
0,1,2,3,4,5,"Complaints about travel",7,8,9,10,11,12,13,14,15,None
0,1,2,3,4,5,"File a complaint about a company’s products or services",7,8,9,10,11,12,13,14,15,None
0,1,2,3,4,5,"File a complaint about an online purchase",7,8,9,10,11,12,13,14,15,None
0,1,2,3,4,5,"Phone company complaints",7,8,9,10,11,12,13,14,15,None
0,1,2,3,4,5,"File a complaint about cable or satellite television",7,8,9,10,11,12,13,14,15,None
0,1,2,3,4,5,"Complain about phone and text scams, robocalls, and telemarketers",7,8,9,10,11,12,13,14,15,None
0,1,2,3,4,5,"Food assistance for Native Americans",7,8,9,10,11,12,13,14,15,None
0,1,2,3,4,5,"Identify and complain about rental housing discrimination",7,8,9,10,11,12,13,14,15,None
0,1,2,3,4,5,"File a complaint about a mortgage company",7,8,9,10,11,12,13,14,15,None
0,1,2,3,4,5,"Food assistance programs for older adults",7,8,9,10,11,12,13,14,15,None
0,1,2,3,4,5,"School meals and food programs for children",7,8,9,10,11,12,13,14,15,None
0,1,2,3,4,5,"How to get emergency food assistance",7,8,9,10,11,12,13,14,15,None
0,1,2,3,4,5,"Get food assistance with the WIC program",7,8,9,10,11,12,13,14,15,None
0,1,2,3,4,5,"How to apply for food stamps (SNAP benefits) and check your balance",7,8,9,10,11,12,13,14,15,None
0,1,2,3,4,5,"File a complaint about your car",7,8,9,10,11,12,13,14,15,None
0,1,2,3,4,5,"Get help paying for phone and internet service",7,8,9,10,11,12,13,14,15,None
0,1,2,3,4,5,"Where to report incorrect benefit payments",7,8,9,10,11,12,13,14,15,None
0,1,2,3,4,5,"Get help with energy bills",7,8,9,10,11,12,13,14,15,None
0,1,2,3,4,5,"Report the death of a Social Security or Medicare beneficiary",7,8,9,10,11,12,13,14,15,None
0,1,2,3,4,5,"Social Security and how it works",7,8,9,10,11,12,13,14,15,None
0,1,2,3,4,5,"Use Social Security retirement calculators to estimate your benefits",7,8,9,10,11,12,13,14,15,None
0,1,2,3,4,5,"Welfare benefits or Temporary Assistance for Needy Families (TANF)",7,8,9,10,11,12,13,14,15,None
0,1,2,3,4,5,"Deferred Action for Childhood Arrivals (DACA)",7,8,9,10,11,12,13,14,15,None
0,1,2,3,4,5,"How to check your immigration case status and find processing times",7,8,9,10,11,12,13,14,15,None
0,1,2,3,4,5,"Locate someone being detained by ICE for immigration violation or deportation",7,8,9,10,11,12,13,14,15,None
0,1,2,3,4,5,"Understand the deportation process",7,8,9,10,11,12,13,14,15,None
0,1,2,3,4,5,"Family-based immigrant visas and sponsoring a relative",7,8,9,10,11,12,13,14,15,None
0,1,2,3,4,5,"How to report an immigration violation",7,8,9,10,11,12,13,14,15,None
0,1,2,3,4,5,"Diversity Visa Lottery results and what to do if you were selected",7,8,9,10,11,12,13,14,15,None
0,1,2,3,4,5,"Find out if you are eligible for the Diversity Visa (DV) Lottery and how to register",7,8,9,10,11,12,13,14,15,None
0,1,2,3,4,5,"Learn about K-1 fiancé(e) visas and sponsoring a future spouse",7,8,9,10,11,12,13,14,15,None
0,1,2,3,4,5,"Immigrant visa to work in the U.S.",7,8,9,10,11,12,13,14,15,None
0,1,2,3,4,5,"Adjustment of status: Get a Green Card if you are in the United States",7,8,9,10,11,12,13,14,15,None
0,1,2,3,4,5,"How to get a Green Card from outside the U.S.",7,8,9,10,11,12,13,14,15,None
0,1,2,3,4,5,"What happens if your visa application is rejected",7,8,9,10,11,12,13,14,15,None
0,1,2,3,4,5,"How to get dual citizenship or nationality",7,8,9,10,11,12,13,14,15,None
0,1,2,3,4,5,"Get or replace a Certificate of Citizenship or a Certificate of Naturalization",7,8,9,10,11,12,13,14,15,None
0,1,2,3,4,5,"Get a student visa to study in the U.S.",7,8,9,10,11,12,13,14,15,None
0,1,2,3,4,5,"Learn about the U.S. military branches",7,8,9,10,11,12,13,14,15,None
0,1,2,3,4,5,"Prove your citizenship: born outside the U.S. to a U.S. citizen parent",7,8,9,10,11,12,13,14,15,None
0,1,2,3,4,5,"Prove your citizenship: born in the U.S with no birth certificate",7,8,9,10,11,12,13,14,15,None
0,1,2,3,4,5,"How to find a job",7,8,9,10,11,12,13,14,15,None
0,1,2,3,4,5,"Workplace laws",7,8,9,10,11,12,13,14,15,None
0,1,2,3,4,5,"U.S. Census data",7,8,9,10,11,12,13,14,15,None
0,1,2,3,4,5,"Proving U.S. citizenship",7,8,9,10,11,12,13,14,15,None
0,1,2,3,4,5,"How to seek asylum in the U.S.",7,8,9,10,11,12,13,14,15,None
0,1,2,3,4,5,"Become a U.S. citizen through naturalization",7,8,9,10,11,12,13,14,15,None
0,1,2,3,4,5,"Find emergency housing",7,8,9,10,11,12,13,14,15,None
0,1,2,3,4,5,"Avoid eviction",7,8,9,10,11,12,13,14,15,None
0,1,2,3,4,5,"Work in the U.S. with a work permit (EAD)",7,8,9,10,11,12,13,14,15,None
0,1,2,3,4,5,"Find emergency help paying your rent",7,8,9,10,11,12,13,14,15,None
0,1,2,3,4,5,"Temporary visa to work in the U.S.",7,8,9,10,11,12,13,14,15,None
0,1,2,3,4,5,"Avoid foreclosure",7,8,9,10,11,12,13,14,15,None
0,1,2,3,4,5,"Home repair and improvement programs for special groups",7,8,9,10,11,12,13,14,15,None
0,1,2,3,4,5,"Find subsidized rental housing",7,8,9,10,11,12,13,14,15,None
0,1,2,3,4,5,"Government home repair assistance programs",7,8,9,10,11,12,13,14,15,None
0,1,2,3,4,5,"Real estate and federal lands for sale by the government",7,8,9,10,11,12,13,14,15,None
0,1,2,3,4,5,"Government-backed home loans and mortgage assistance",7,8,9,10,11,12,13,14,15,None
0,1,2,3,4,5,"Weatherization and energy efficiency assistance",7,8,9,10,11,12,13,14,15,None
0,1,2,3,4,5,"Homeownership vouchers for first-time home buyers",7,8,9,10,11,12,13,14,15,None
0,1,2,3,4,5,"How to file a complaint against a landlord",7,8,9,10,11,12,13,14,15,None
0,1,2,3,4,5,"How to change your address",7,8,9,10,11,12,13,14,15,None
0,1,2,3,4,5,"Save time getting through airport security with Trusted Traveler Programs",7,8,9,10,11,12,13,14,15,None
0,1,2,3,4,5,"Unemployment benefits",7,8,9,10,11,12,13,14,15,None
0,1,2,3,4,5,"How to get a REAL ID and use it for travel",7,8,9,10,11,12,13,14,15,None
0,1,2,3,4,5,"Get a passport for a minor under 18",7,8,9,10,11,12,13,14,15,None
0,1,2,3,4,5,"Housing choice voucher (Section 8)",7,8,9,10,11,12,13,14,15,None
0,1,2,3,4,5,"Public housing",7,8,9,10,11,12,13,14,15,None
0,1,2,3,4,5,"Find rental assistance for specific groups",7,8,9,10,11,12,13,14,15,None
0,1,2,3,4,5,"Learn how to block website cookies",7,8,9,10,11,12,13,14,15,None
0,1,2,3,4,5,"File federal taxes",7,8,9,10,11,12,13,14,15,None
0,1,2,3,4,5,"Find out if you need to file a federal tax return",7,8,9,10,11,12,13,14,15,None
0,1,2,3,4,5,"Official language of the United States",7,8,9,10,11,12,13,14,15,None
0,1,2,3,4,5,"How to file a federal tax return if you live outside the U.S.",7,8,9,10,11,12,13,14,15,None
0,1,2,3,4,5,"Filing a federal tax return if you are a nonresident alien",7,8,9,10,11,12,13,14,15,None
0,1,2,3,4,5,"Get an Individual Taxpayer Identification Number (ITIN) to file your tax return",7,8,9,10,11,12,13,14,15,None
0,1,2,3,4,5,"Find out if your federal or state tax return was received",7,8,9,10,11,12,13,14,15,None
0,1,2,3,4,5,"The American flag and other national symbols",7,8,9,10,11,12,13,14,15,None
0,1,2,3,4,5,"Contact the IRS for questions about your tax return",7,8,9,10,11,12,13,14,15,None
0,1,2,3,4,5,"Get help filing taxes",7,8,9,10,11,12,13,14,15,None
0,1,2,3,4,5,"How to check the status of your visa application",7,8,9,10,11,12,13,14,15,None
0,1,2,3,4,5,"How to renew or replace your Permanent Resident Card (Green Card)",7,8,9,10,11,12,13,14,15,None
0,1,2,3,4,5,"Tax refunds",7,8,9,10,11,12,13,14,15,None
0,1,2,3,4,5,"How to pay and get help with state and local taxes",7,8,9,10,11,12,13,14,15,None
0,1,2,3,4,5,"What to do if your tax refund is lower than expected",7,8,9,10,11,12,13,14,15,None
0,1,2,3,4,5,"Check your federal or state tax refund status",7,8,9,10,11,12,13,14,15,None
0,1,2,3,4,5,"Set up direct deposit to receive your tax refund",7,8,9,10,11,12,13,14,15,None
0,1,2,3,4,5,"Federal tax forms",7,8,9,10,11,12,13,14,15,None
0,1,2,3,4,5,"Getting Social Security benefits if you are living outside the U.S.",7,8,9,10,11,12,13,14,15,None
0,1,2,3,4,5,"Get federal tax return forms and file by mail",7,8,9,10,11,12,13,14,15,None
0,1,2,3,4,5,"How to seek refuge in the U.S.",7,8,9,10,11,12,13,14,15,None
0,1,2,3,4,5,"Child and dependent tax credits and disaster relief",7,8,9,10,11,12,13,14,15,None
0,1,2,3,4,5,"What to do if your W-2 form is incorrect, stolen, or you never received it",7,8,9,10,11,12,13,14,15,None
0,1,2,3,4,5,"Tax relief for federally declared disaster areas",7,8,9,10,11,12,13,14,15,None
0,1,2,3,4,5,"Get transcripts and copies of tax returns",7,8,9,10,11,12,13,14,15,None
0,1,2,3,4,5,"Federal tax return extensions",7,8,9,10,11,12,13,14,15,None
0,1,2,3,4,5,"Child and dependent care tax credit",7,8,9,10,11,12,13,14,15,None
0,1,2,3,4,5,"How to get, replace, or correct a Social Security card",7,8,9,10,11,12,13,14,15,None
0,1,2,3,4,5,"How to check and change your tax withholding",7,8,9,10,11,12,13,14,15,None
0,1,2,3,4,5,"Child Tax Credit",7,8,9,10,11,12,13,14,15,None
0,1,2,3,4,5,"Resolve tax disputes",7,8,9,10,11,12,13,14,15,None
0,1,2,3,4,5,"Renounce or lose your citizenship",7,8,9,10,11,12,13,14,15,None
0,1,2,3,4,5,"Do you need a passport to travel to or from U.S. territories or Freely Associated States?",7,8,9,10,11,12,13,14,15,None
0,1,2,3,4,5,"Government benefits",7,8,9,10,11,12,13,14,15,None
0,1,2,3,4,5,"Housing help",7,8,9,10,11,12,13,14,15,None
0,1,2,3,4,5,"About the U.S. and its government",7,8,9,10,11,12,13,14,15,None
0,1,2,3,4,5,"COVID-19 funeral assistance",7,8,9,10,11,12,13,14,15,None
0,1,2,3,4,5,"Jobs, labor laws, and unemployment",7,8,9,10,11,12,13,14,15,None
0,1,2,3,4,5,"Military and veterans",7,8,9,10,11,12,13,14,15,None
0,1,2,3,4,5,"Money and credit",7,8,9,10,11,12,13,14,15,None
0,1,2,3,4,5,"Scams and fraud",7,8,9,10,11,12,13,14,15,None
0,1,2,3,4,5,"Small business",7,8,9,10,11,12,13,14,15,None
0,1,2,3,4,5,Travel,7,8,9,10,11,12,13,14,15,None
0,1,2,3,4,5,"Benefit finder",7,8,9,10,11,12,13,14,15,None
0,1,2,3,4,5,"Military pensions",7,8,9,10,11,12,13,14,15,None
0,1,2,3,4,5,"SSDI and SSI benefits for people with disabilities",7,8,9,10,11,12,13,14,15,None
0,1,2,3,4,5,"Veteran disability benefits",7,8,9,10,11,12,13,14,15,None
0,1,2,3,4,5,"Get copies of vital records and ID cards",7,8,9,10,11,12,13,14,15,None
0,1,2,3,4,5,"USA.gov privacy and security policies",7,8,9,10,11,12,13,14,15,None
0,1,2,3,4,5,"U.S. savings bonds",7,8,9,10,11,12,13,14,15,None
0,1,2,3,4,5,"Immigration and U.S. citizenship",7,8,9,10,11,12,13,14,15,None
0,1,2,3,4,5,"How to get a copy of a marriage certificate or a marriage license",7,8,9,10,11,12,13,14,15,None
0,1,2,3,4,5,"How to replace lost or stolen ID cards",7,8,9,10,11,12,13,14,15,None
0,1,2,3,4,5,"Retirement planning tools",7,8,9,10,11,12,13,14,15,None
0,1,2,3,4,5,"Family legal issues",7,8,9,10,11,12,13,14,15,None
0,1,2,3,4,5,"How to get a copy of a divorce decree or certificate",7,8,9,10,11,12,13,14,15,None
0,1,2,3,4,5,"How to get help collecting child support",7,8,9,10,11,12,13,14,15,None
0,1,2,3,4,5,"Agencies to notify when someone dies",7,8,9,10,11,12,13,14,15,None
0,1,2,3,4,5,"Prisons and prisoners",7,8,9,10,11,12,13,14,15,None
0,1,2,3,4,5,"How to get a certified copy of a U.S. birth certificate",7,8,9,10,11,12,13,14,15,None
0,1,2,3,4,5,"How to look up prisoners and prison records",7,8,9,10,11,12,13,14,15,None
0,1,2,3,4,5,"How to get a certified copy of a death certificate",7,8,9,10,11,12,13,14,15,None
0,1,2,3,4,5,"Report crime, find victim support, and get crime statistics",7,8,9,10,11,12,13,14,15,None
0,1,2,3,4,5,"Find crime statistics",7,8,9,10,11,12,13,14,15,None
0,1,2,3,4,5,"Find support if you experienced a crime",7,8,9,10,11,12,13,14,15,None
0,1,2,3,4,5,"How to visit or send money to a prisoner",7,8,9,10,11,12,13,14,15,None
0,1,2,3,4,5,"Disasters and emergencies",7,8,9,10,11,12,13,14,15,None
0,1,2,3,4,5,"Federal laws and regulations",7,8,9,10,11,12,13,14,15,None
0,1,2,3,4,5,"How federal impeachment works",7,8,9,10,11,12,13,14,15,None
0,1,2,3,4,5,"How to change your name and what government agencies to notify",7,8,9,10,11,12,13,14,15,None
0,1,2,3,4,5,"Laws and legal issues",7,8,9,10,11,12,13,14,15,None
0,1,2,3,4,5,"Learn about copyright and federal government materials",7,8,9,10,11,12,13,14,15,None
0,1,2,3,4,5,"Help shape the future of federal websites",7,8,9,10,11,12,13,14,15,None
0,1,2,3,4,5,"Authenticate an official document for use outside the U.S.",7,8,9,10,11,12,13,14,15,None
0,1,2,3,4,5,"Report a crime",7,8,9,10,11,12,13,14,15,None
0,1,2,3,4,5,"Voter registration",7,8,9,10,11,12,13,14,15,None
0,1,2,3,4,5,"Find and contact elected officials",7,8,9,10,11,12,13,14,15,None
0,1,2,3,4,5,"Voting and elections",7,8,9,10,11,12,13,14,15,None
0,1,2,3,4,5,"How laws are made",7,8,9,10,11,12,13,14,15,None
0,1,2,3,4,5,"Get copies of your government files through the Privacy Act",7,8,9,10,11,12,13,14,15,None
0,1,2,3,4,5,"Voter registration deadlines",7,8,9,10,11,12,13,14,15,None
0,1,2,3,4,5,"Voting on Election Day",7,8,9,10,11,12,13,14,15,None
0,1,2,3,4,5,"Find out when to vote",7,8,9,10,11,12,13,14,15,None
0,1,2,3,4,5,"Voter ID requirements",7,8,9,10,11,12,13,14,15,None
0,1,2,3,4,5,"Can you vote online?",7,8,9,10,11,12,13,14,15,None
0,1,2,3,4,5,"How to register to vote",7,8,9,10,11,12,13,14,15,None
0,1,2,3,4,5,"How to update or change your voter registration",7,8,9,10,11,12,13,14,15,None
0,1,2,3,4,5,"How to confirm your voter registration status",7,8,9,10,11,12,13,14,15,None
0,1,2,3,4,5,"Early voting",7,8,9,10,11,12,13,14,15,None
0,1,2,3,4,5,"Do you have to vote for the party you are registered with?",7,8,9,10,11,12,13,14,15,None
0,1,2,3,4,5,"Where to report workplace safety violations",7,8,9,10,11,12,13,14,15,None
0,1,2,3,4,5,"Who can and cannot vote",7,8,9,10,11,12,13,14,15,None
0,1,2,3,4,5,"Decide who to vote for",7,8,9,10,11,12,13,14,15,None
0,1,2,3,4,5,"Write-in candidates for federal and state elections",7,8,9,10,11,12,13,14,15,None
0,1,2,3,4,5,"Use voter guides and sample ballots to learn about candidates",7,8,9,10,11,12,13,14,15,None
0,1,2,3,4,5,"Congressional, state, and local elections",7,8,9,10,11,12,13,14,15,None
0,1,2,3,4,5,"Research federal laws",7,8,9,10,11,12,13,14,15,None
0,1,2,3,4,5,"Get help for homelessness, hunger, and more",7,8,9,10,11,12,13,14,15,None
0,1,2,3,4,5,"How to get passports for the whole family",7,8,9,10,11,12,13,14,15,None
0,1,2,3,4,5,"Improving men’s health",7,8,9,10,11,12,13,14,15,None
0,1,2,3,4,5,"The 988 Lifeline and other mental health services",7,8,9,10,11,12,13,14,15,None
0,1,2,3,4,5,"USAGov's guide to government benefits during any life event",7,8,9,10,11,12,13,14,15,None
0,1,2,3,4,5,"What programs and services are available for veterans?",7,8,9,10,11,12,13,14,15,None
0,1,2,3,4,5,"How, when, and where to vote",7,8,9,10,11,12,13,14,15,None
0,1,2,3,4,5,"Find your polling place",7,8,9,10,11,12,13,14,15,None
0,1,2,3,4,5,"How to change careers",7,8,9,10,11,12,13,14,15,None
0,1,2,3,4,5,"Find a lawyer for affordable legal aid",7,8,9,10,11,12,13,14,15,None
0,1,2,3,4,5,"Voting and election laws",7,8,9,10,11,12,13,14,15,None
0,1,2,3,4,5,"Is voting mandatory in the U.S.?",7,8,9,10,11,12,13,14,15,None
0,1,2,3,4,5,"How the president is elected",7,8,9,10,11,12,13,14,15,None
0,1,2,3,4,5,"Voting rights laws and constitutional amendments",7,8,9,10,11,12,13,14,15,None
0,1,2,3,4,5,"Federal campaign finance laws",7,8,9,10,11,12,13,14,15,None
0,1,2,3,4,5,"State and local elections",7,8,9,10,11,12,13,14,15,None
0,1,2,3,4,5,"Voter accessibility laws",7,8,9,10,11,12,13,14,15,None
0,1,2,3,4,5,"Constitutional requirements for presidential candidates",7,8,9,10,11,12,13,14,15,None
0,1,2,3,4,5,"Find a U.S. embassy",7,8,9,10,11,12,13,14,15,None
0,1,2,3,4,5,"Government death benefits",7,8,9,10,11,12,13,14,15,None
0,1,2,3,4,5,"Free Application for Federal Student Aid (FAFSA)",7,8,9,10,11,12,13,14,15,None
0,1,2,3,4,5,Education,7,8,9,10,11,12,13,14,15,None
0,1,2,3,4,5,"Financial aid and student loans",7,8,9,10,11,12,13,14,15,None
0,1,2,3,4,5,"Types of student financial aid",7,8,9,10,11,12,13,14,15,None
0,1,2,3,4,5,"Estimate your college cost",7,8,9,10,11,12,13,14,15,None
0,1,2,3,4,5,"Get started repaying your federal student loan",7,8,9,10,11,12,13,14,15,None
0,1,2,3,4,5,"Resolve student loan payment problems",7,8,9,10,11,12,13,14,15,None
0,1,2,3,4,5,"Study in the U.S.",7,8,9,10,11,12,13,14,15,None
0,1,2,3,4,5,"Learn how to study in the U.S. as an international student",7,8,9,10,11,12,13,14,15,None
0,1,2,3,4,5,"Paperwork Reduction Act statement for page helpfulness survey",7,8,9,10,11,12,13,14,15,None
0,1,2,3,4,5,"Paperwork Reduction Act statement for contact center telephone survey",7,8,9,10,11,12,13,14,15,None
0,1,2,3,4,5,"Paperwork Reduction Act statement for customer satisfaction survey",7,8,9,10,11,12,13,14,15,None
0,1,2,3,4,5,Complaints,7,8,9,10,11,12,13,14,15,None
0,1,2,3,4,5,"Complaints against the government",7,8,9,10,11,12,13,14,15,None
0,1,2,3,4,5,"Inauguration of the president of the United States",7,8,9,10,11,12,13,14,15,None
0,1,2,3,4,5,"Complaints about consumer products and services",7,8,9,10,11,12,13,14,15,None
0,1,2,3,4,5,"Find results from past elections",7,8,9,10,11,12,13,14,15,None
0,1,2,3,4,5,"Get help with child care costs and learn about Head Start",7,8,9,10,11,12,13,14,15,None
0,1,2,3,4,5,"About USAGov",7,8,9,10,11,12,13,14,15,None
0,1,2,3,4,5,"Locate military members",7,8,9,10,11,12,13,14,15,None
0,1,2,3,4,5,"Page not found",7,8,9,10,11,12,13,14,15,None
0,1,2,3,4,5,"National conventions",7,8,9,10,11,12,13,14,15,None
0,1,2,3,4,5,"File a complaint about a state or federal prison",7,8,9,10,11,12,13,14,15,None
0,1,2,3,4,5,"Your elected officials",7,8,9,10,11,12,13,14,15,None
0,1,2,3,4,5,"How to get a voter registration card",7,8,9,10,11,12,13,14,15,None
0,1,2,3,4,5,"Paperwork Reduction Act statements",7,8,9,10,11,12,13,14,15,None
0,1,2,3,4,5,"Congressional elections and midterm elections",7,8,9,10,11,12,13,14,15,None
0,1,2,3,4,5,"Absentee voting and voting by mail",7,8,9,10,11,12,13,14,15,None
0,1,2,3,4,5,"Presidential general election",7,8,9,10,11,12,13,14,15,None
0,1,2,3,4,5,"Overview of the presidential election process",7,8,9,10,11,12,13,14,15,None
0,1,2,3,4,5,"Electoral College",7,8,9,10,11,12,13,14,15,None
0,1,2,3,4,5,"USA.gov accessibility policy",7,8,9,10,11,12,13,14,15,None
0,1,2,3,4,5,"Work in the U.S. with a NAFTA visa",7,8,9,10,11,12,13,14,15,None
0,1,2,3,4,5,Vote.gov,7,8,9,10,11,12,13,14,15,None
0,1,2,3,4,5,Search.gov,7,8,9,10,11,12,13,14,15,None
0,1,2,3,4,5,"USAGov's product principles",7,8,9,10,11,12,13,14,15,None
0,1,2,3,4,5,"Our blog",7,8,9,10,11,12,13,14,15,None
0,1,2,3,4,5,"Presidential primaries and caucuses",7,8,9,10,11,12,13,14,15,None
0,1,2,3,4,5,"Find courses to help you learn English",7,8,9,10,11,12,13,14,15,None
0,1,2,3,4,5,"Voter fraud, voter suppression, and other election crimes",7,8,9,10,11,12,13,14,15,None
0,1,2,3,4,5,"Continuing disability benefits while working",7,8,9,10,11,12,13,14,15,None
0,1,2,3,4,5,"Disability services",7,8,9,10,11,12,13,14,15,None
0,1,2,3,4,5,"Health insurance",7,8,9,10,11,12,13,14,15,None
0,1,2,3,4,5,"USAGov Outreach",7,8,9,10,11,12,13,14,15,None
0,1,2,3,4,5,"USAGov Contact Center",7,8,9,10,11,12,13,14,15,None
0,1,2,3,4,5,"Get paid as a caregiver for a family member",7,8,9,10,11,12,13,14,15,None
0,1,2,3,4,5,"How to get insurance through the ACA Health Insurance Marketplace",7,8,9,10,11,12,13,14,15,None
0,1,2,3,4,5,"USAGov's mission and history",7,8,9,10,11,12,13,14,15,None
0,1,2,3,4,5,"Your rights under the Americans with Disabilities Act (ADA)",7,8,9,10,11,12,13,14,15,None
0,1,2,3,4,5,"File a U.S. Postal Service complaint",7,8,9,10,11,12,13,14,15,None
0,1,2,3,4,5,"Job training and employment programs for people with disabilities",7,8,9,10,11,12,13,14,15,None
0,1,2,3,4,5,"USA.gov linking policy",7,8,9,10,11,12,13,14,15,None
0,1,2,3,4,5,"How to apply for Medicaid and CHIP",7,8,9,10,11,12,13,14,15,None
0,1,2,3,4,5,"Learn about COBRA insurance and how to get coverage",7,8,9,10,11,12,13,14,15,None
0,1,2,3,4,5,"Undelivered and unclaimed tax refund checks",7,8,9,10,11,12,13,14,15,None
0,1,2,3,4,5,"Learn about your credit report and how to get a copy",7,8,9,10,11,12,13,14,15,None
0,1,2,3,4,5,"Find help for mental health",7,8,9,10,11,12,13,14,15,None
0,1,2,3,4,5,Health,7,8,9,10,11,12,13,14,15,None
0,1,2,3,4,5,"How and when to apply for Medicare",7,8,9,10,11,12,13,14,15,None
0,1,2,3,4,5,"Find help for substance abuse",7,8,9,10,11,12,13,14,15,None
0,1,2,3,4,5,"How to get help with medical bills",7,8,9,10,11,12,13,14,15,None
0,1,2,3,4,5,Taxes,7,8,9,10,11,12,13,14,15,None
0,1,2,3,4,5,"How to file your federal income tax return",7,8,9,10,11,12,13,14,15,None
0,1,2,3,4,5,"Get reliable health information from MedlinePlus",7,8,9,10,11,12,13,14,15,None
0,1,2,3,4,5,"COVID-19 testing and vaccinations",7,8,9,10,11,12,13,14,15,None
0,1,2,3,4,5,"Get free help with your tax return",7,8,9,10,11,12,13,14,15,None
0,1,2,3,4,5,"Job misclassification",7,8,9,10,11,12,13,14,15,None
0,1,2,3,4,5,"Government checks and payments",7,8,9,10,11,12,13,14,15,None
0,1,2,3,4,5,"Elecciones legislativas, estatales y locales en EE. UU.",7,8,9,10,11,12,13,14,15,None
0,1,2,3,4,5,"Días festivos federales",7,8,9,10,11,12,13,14,15,None
0,1,2,3,4,5,"Cinco cosas que debe saber para tramitar el pasaporte de un menor",7,8,9,10,11,12,13,14,15,None
0,1,2,3,4,5,"Embarazo y primera infancia",7,8,9,10,11,12,13,14,15,None
0,1,2,3,4,5,"Enfrentar dificultades económicas",7,8,9,10,11,12,13,14,15,None
0,1,2,3,4,5,"Hacerle frente a la muerte de un ser querido",7,8,9,10,11,12,13,14,15,None
0,1,2,3,4,5,"Transición hacia la edad adulta",7,8,9,10,11,12,13,14,15,None
0,1,2,3,4,5,"Prepararse para la jubilación",7,8,9,10,11,12,13,14,15,None
0,1,2,3,4,5,"Cuatro consejos para reportar una estafa",7,8,9,10,11,12,13,14,15,None
0,1,2,3,4,5,"Agencias estatales de servicios sociales",7,8,9,10,11,12,13,14,15,None
0,1,2,3,4,5,"Directorio de oficinas estatales de protección al consumidor",7,8,9,10,11,12,13,14,15,None
0,1,2,3,4,5,"Visitar Estados Unidos como turista",7,8,9,10,11,12,13,14,15,None
0,1,2,3,4,5,"Ciudadanos de Estados Unidos que viajan al extranjero",7,8,9,10,11,12,13,14,15,None
0,1,2,3,4,5,"Cómo corregir errores en su informe de crédito",7,8,9,10,11,12,13,14,15,None
0,1,2,3,4,5,"Programas del Gobierno para comprar vivienda",7,8,9,10,11,12,13,14,15,None
0,1,2,3,4,5,"Asistencia financiera por desastre natural",7,8,9,10,11,12,13,14,15,None
0,1,2,3,4,5,"Ayuda de emergencia para estadounidenses en el extranjero",7,8,9,10,11,12,13,14,15,None
0,1,2,3,4,5,"Despido o terminación de empleo",7,8,9,10,11,12,13,14,15,None
0,1,2,3,4,5,"Recuperarse de un desastre natural",7,8,9,10,11,12,13,14,15,None
0,1,2,3,4,5,"Etapas importantes de la vida",7,8,9,10,11,12,13,14,15,None
0,1,2,3,4,5,"Ley de Ausencia Médica y Familiar para trabajadores y empleadores",7,8,9,10,11,12,13,14,15,None
0,1,2,3,4,5,"Leyes de salarios",7,8,9,10,11,12,13,14,15,None
0,1,2,3,4,5,"Desalojo y ejecución hipotecaria",7,8,9,10,11,12,13,14,15,None
0,1,2,3,4,5,"Exclusión voluntaria de la medición y personalización del sitio web",7,8,9,10,11,12,13,14,15,None
0,1,2,3,4,5,"Asistencia para reparaciones y eficiencia energética del hogar",7,8,9,10,11,12,13,14,15,None
0,1,2,3,4,5,"Asistencia económica y préstamos educativos",7,8,9,10,11,12,13,14,15,None
0,1,2,3,4,5,"Estudiar en Estados Unidos",7,8,9,10,11,12,13,14,15,None
0,1,2,3,4,5,"Reembolsos de impuestos",7,8,9,10,11,12,13,14,15,None
0,1,2,3,4,5,"Cómo encontrar trabajo o capacitación profesional",7,8,9,10,11,12,13,14,15,None
0,1,2,3,4,5,"Protección del trabajador y leyes laborales",7,8,9,10,11,12,13,14,15,None
0,1,2,3,4,5,"Asistencia alimentaria",7,8,9,10,11,12,13,14,15,None
0,1,2,3,4,5,"Ayuda para pagar facturas",7,8,9,10,11,12,13,14,15,None
0,1,2,3,4,5,"Programas y servicios",7,8,9,10,11,12,13,14,15,None
0,1,2,3,4,5,"Artículos de interés",7,8,9,10,11,12,13,14,15,None
0,1,2,3,4,5,"Políticas y avisos del sitio web",7,8,9,10,11,12,13,14,15,None
0,1,2,3,4,5,"Políticas de privacidad y seguridad",7,8,9,10,11,12,13,14,15,None
0,1,2,3,4,5,"Políticas de privacidad y seguridad de USAGov en Español",7,8,9,10,11,12,13,14,15,None
0,1,2,3,4,5,"Política de accesibilidad",7,8,9,10,11,12,13,14,15,None
0,1,2,3,4,5,"Política de accesibilidad de USAGov en Español",7,8,9,10,11,12,13,14,15,None
0,1,2,3,4,5,"Colabore con nosotros",7,8,9,10,11,12,13,14,15,None
0,1,2,3,4,5,"¿Funcionará USAGov en Español en mi dispositivo?",7,8,9,10,11,12,13,14,15,None
0,1,2,3,4,5,"Descargue software comercial gratis",7,8,9,10,11,12,13,14,15,None
0,1,2,3,4,5,"Cómo citar a USAGov en Español",7,8,9,10,11,12,13,14,15,None
0,1,2,3,4,5,"Seguro Social",7,8,9,10,11,12,13,14,15,None
0,1,2,3,4,5,"Envíe un correo electrónico a su funcionario electo",7,8,9,10,11,12,13,14,15,None
0,1,2,3,4,5,Contáctenos,7,8,9,10,11,12,13,14,15,None
0,1,2,3,4,5,"Información general sobre Estados Unidos",7,8,9,10,11,12,13,14,15,None
0,1,2,3,4,5,"Contacte a USAGov por chat",7,8,9,10,11,12,13,14,15,None
0,1,2,3,4,5,"Gracias por reportar un problema",7,8,9,10,11,12,13,14,15,None
0,1,2,3,4,5,"No se encontró la página",7,8,9,10,11,12,13,14,15,None
0,1,2,3,4,5,"Llame a USAGov",7,8,9,10,11,12,13,14,15,None
0,1,2,3,4,5,"Infórmenos sobre problemas en USAGov en Español",7,8,9,10,11,12,13,14,15,None
0,1,2,3,4,5,"Directorio de oficinas de elecciones estatales y locales",7,8,9,10,11,12,13,14,15,None
0,1,2,3,4,5,"Lotería de visas",7,8,9,10,11,12,13,14,15,None
0,1,2,3,4,5,"“Green Card” o residencia permanente y visas de inmigrante",7,8,9,10,11,12,13,14,15,None
0,1,2,3,4,5,"Visas de inmigrante",7,8,9,10,11,12,13,14,15,None
0,1,2,3,4,5,"Solicitud de “Green Card” o residencia permanente",7,8,9,10,11,12,13,14,15,None
0,1,2,3,4,5,"Solicitud de asilo y refugio en Estados Unidos",7,8,9,10,11,12,13,14,15,None
0,1,2,3,4,5,"Naturalización y ciudadanía",7,8,9,10,11,12,13,14,15,None
0,1,2,3,4,5,"Cómo encontrar una embajada de Estados Unidos",7,8,9,10,11,12,13,14,15,None
0,1,2,3,4,5,"Visas de turista y de no inmigrante",7,8,9,10,11,12,13,14,15,None
0,1,2,3,4,5,Deportación,7,8,9,10,11,12,13,14,15,None
0,1,2,3,4,5,"Cómo votar el día de las elecciones",7,8,9,10,11,12,13,14,15,None
0,1,2,3,4,5,"Cómo probar su ciudadanía estadounidense",7,8,9,10,11,12,13,14,15,None
0,1,2,3,4,5,"¿Es obligatorio votar en Estados Unidos?",7,8,9,10,11,12,13,14,15,None
0,1,2,3,4,5,"Proceso para votar en Estados Unidos",7,8,9,10,11,12,13,14,15,None
0,1,2,3,4,5,"Proceso de las elecciones presidenciales de EE. UU.",7,8,9,10,11,12,13,14,15,None
0,1,2,3,4,5,"Cómo, dónde y cuándo votar",7,8,9,10,11,12,13,14,15,None
0,1,2,3,4,5,"Cuándo son las elecciones",7,8,9,10,11,12,13,14,15,None
0,1,2,3,4,5,"Leyes de votaciones y elecciones en EE. UU.",7,8,9,10,11,12,13,14,15,None
0,1,2,3,4,5,"Extranjeros que viajan hacia o dentro de EE. UU.",7,8,9,10,11,12,13,14,15,None
0,1,2,3,4,5,"Fechas límite para registrarse para votar",7,8,9,10,11,12,13,14,15,None
0,1,2,3,4,5,"Cómo solicitar una extensión de su estadía en EE. UU.",7,8,9,10,11,12,13,14,15,None
0,1,2,3,4,5,"Visas para estadounidenses que viajan al extranjero",7,8,9,10,11,12,13,14,15,None
0,1,2,3,4,5,"Pasaporte estadounidense",7,8,9,10,11,12,13,14,15,None
0,1,2,3,4,5,"Quejas sobre asuntos de vivienda",7,8,9,10,11,12,13,14,15,None
0,1,2,3,4,5,"Dónde poner una queja relacionada con mi vehículo",7,8,9,10,11,12,13,14,15,None
0,1,2,3,4,5,"Beneficios de desempleo",7,8,9,10,11,12,13,14,15,None
0,1,2,3,4,5,"Despido injustificado",7,8,9,10,11,12,13,14,15,None
0,1,2,3,4,5,"Dónde buscar trabajo",7,8,9,10,11,12,13,14,15,None
0,1,2,3,4,5,"Capacitación laboral",7,8,9,10,11,12,13,14,15,None
0,1,2,3,4,5,"Guía de terminación de empleo para empleadores",7,8,9,10,11,12,13,14,15,None
0,1,2,3,4,5,"Ley de Ausencia Médica y Familiar",7,8,9,10,11,12,13,14,15,None
0,1,2,3,4,5,"Discriminación, acoso y represalias en el trabajo",7,8,9,10,11,12,13,14,15,None
0,1,2,3,4,5,"Responsabilidades del empleador en relación con la FMLA",7,8,9,10,11,12,13,14,15,None
0,1,2,3,4,5,"Clasificación errónea de empleados",7,8,9,10,11,12,13,14,15,None
0,1,2,3,4,5,"Salario mínimo",7,8,9,10,11,12,13,14,15,None
0,1,2,3,4,5,"Dónde reportar riesgos de salud y seguridad en el trabajo",7,8,9,10,11,12,13,14,15,None
0,1,2,3,4,5,"¿Debe votar por el partido en el que se registró?",7,8,9,10,11,12,13,14,15,None
0,1,2,3,4,5,"Documentos de identidad necesarios para votar",7,8,9,10,11,12,13,14,15,None
0,1,2,3,4,5,"Encuentre el centro de votación en el que le toca votar",7,8,9,10,11,12,13,14,15,None
0,1,2,3,4,5,"Utilice las guías y boletas de muestra para votantes para informarse sobre los candidatos",7,8,9,10,11,12,13,14,15,None
0,1,2,3,4,5,"Día de la Inauguración Presidencial",7,8,9,10,11,12,13,14,15,None
0,1,2,3,4,5,"Elecciones legislativas y elecciones a mitad del mandato",7,8,9,10,11,12,13,14,15,None
0,1,2,3,4,5,"Leyes federales de financiamiento de campañas",7,8,9,10,11,12,13,14,15,None
0,1,2,3,4,5,"Fraude electoral, intimidación al votante y otros delitos electorales",7,8,9,10,11,12,13,14,15,None
0,1,2,3,4,5,"Leyes de accesibilidad para votantes",7,8,9,10,11,12,13,14,15,None
0,1,2,3,4,5,"Colegio Electoral",7,8,9,10,11,12,13,14,15,None
0,1,2,3,4,5,"Resumen del proceso de las elecciones presidenciales en EE. UU.",7,8,9,10,11,12,13,14,15,None
0,1,2,3,4,5,"Elecciones presidenciales generales",7,8,9,10,11,12,13,14,15,None
0,1,2,3,4,5,"Elecciones primarias presidenciales y “caucus”",7,8,9,10,11,12,13,14,15,None
0,1,2,3,4,5,"Convenciones nacionales",7,8,9,10,11,12,13,14,15,None
0,1,2,3,4,5,"Cómo registrarse para votar en Estados Unidos",7,8,9,10,11,12,13,14,15,None
0,1,2,3,4,5,"Cómo cambiar o actualizar su registro electoral",7,8,9,10,11,12,13,14,15,None
0,1,2,3,4,5,"Averigüe si está registrado para votar en EE. UU.",7,8,9,10,11,12,13,14,15,None
0,1,2,3,4,5,"Requisitos para votar en Estados Unidos",7,8,9,10,11,12,13,14,15,None
0,1,2,3,4,5,"Cómo solicitar una tarjeta de registro electoral",7,8,9,10,11,12,13,14,15,None
0,1,2,3,4,5,"Resultados de elecciones",7,8,9,10,11,12,13,14,15,None
0,1,2,3,4,5,"""Juneteenth""",7,8,9,10,11,12,13,14,15,None
0,1,2,3,4,5,"Año Nuevo",7,8,9,10,11,12,13,14,15,None
0,1,2,3,4,5,"Día de Acción de Gracias",7,8,9,10,11,12,13,14,15,None
0,1,2,3,4,5,"Día de la Independencia",7,8,9,10,11,12,13,14,15,None
0,1,2,3,4,5,"Día de la Conmemoración de los Caídos",7,8,9,10,11,12,13,14,15,None
0,1,2,3,4,5,"Día de la Raza",7,8,9,10,11,12,13,14,15,None
0,1,2,3,4,5,"Día de los Presidentes",7,8,9,10,11,12,13,14,15,None
0,1,2,3,4,5,"Día de los Veteranos",7,8,9,10,11,12,13,14,15,None
0,1,2,3,4,5,"Día de Martin Luther King, Jr.",7,8,9,10,11,12,13,14,15,None
0,1,2,3,4,5,"Día del Trabajo",7,8,9,10,11,12,13,14,15,None
0,1,2,3,4,5,Navidad,7,8,9,10,11,12,13,14,15,None
0,1,2,3,4,5,"Qué es y para qué sirve el censo de Estados Unidos",7,8,9,10,11,12,13,14,15,None
0,1,2,3,4,5,"La bandera de Estados Unidos y otros símbolos",7,8,9,10,11,12,13,14,15,None
0,1,2,3,4,5,"Documentos históricos",7,8,9,10,11,12,13,14,15,None
0,1,2,3,4,5,"Idioma oficial de Estados Unidos",7,8,9,10,11,12,13,14,15,None
0,1,2,3,4,5,"Himno nacional de Estados Unidos",7,8,9,10,11,12,13,14,15,None
0,1,2,3,4,5,"Orden de sucesión presidencial",7,8,9,10,11,12,13,14,15,None
0,1,2,3,4,5,"Presidentes, vicepresidentes y primeras damas",7,8,9,10,11,12,13,14,15,None
0,1,2,3,4,5,"Cómo tramitar una “Green Card” desde el extranjero",7,8,9,10,11,12,13,14,15,None
0,1,2,3,4,5,"Presupuesto del Gobierno federal de EE. UU.",7,8,9,10,11,12,13,14,15,None
0,1,2,3,4,5,"Ramas del Gobierno de Estados Unidos",7,8,9,10,11,12,13,14,15,None
0,1,2,3,4,5,"Cómo tramitar una “Green Card” si se encuentra en EE. UU.",7,8,9,10,11,12,13,14,15,None
0,1,2,3,4,5,"Averigüe sobre la visa K-1 para prometidos y cómo solicitarla",7,8,9,10,11,12,13,14,15,None
0,1,2,3,4,5,"“Lotería de visas”: averigüe si es elegible y cómo participar",7,8,9,10,11,12,13,14,15,None
0,1,2,3,4,5,"Solicitar la residencia permanente o “Green Card” para un familiar",7,8,9,10,11,12,13,14,15,None
0,1,2,3,4,5,"Demostrar su ciudadanía: hijo/a de ciudadano/a estadounidense nacido/a en el extranjero",7,8,9,10,11,12,13,14,15,None
0,1,2,3,4,5,"Obtener o reemplazar un certificado de ciudadanía o un certificado de naturalización",7,8,9,10,11,12,13,14,15,None
0,1,2,3,4,5,"Demuestre su ciudadanía: nacido/a en EE. UU. sin certificado de nacimiento",7,8,9,10,11,12,13,14,15,None
0,1,2,3,4,5,"Qué pasa si rechazan su solicitud de visa",7,8,9,10,11,12,13,14,15,None
0,1,2,3,4,5,"Visa temporal para trabajar en Estados Unidos",7,8,9,10,11,12,13,14,15,None
0,1,2,3,4,5,"Cómo conseguir dinero durante una emergencia en el extranjero",7,8,9,10,11,12,13,14,15,None
0,1,2,3,4,5,"Visas para estudiar en Estados Unidos",7,8,9,10,11,12,13,14,15,None
0,1,2,3,4,5,"Documentos de viaje para extranjeros residentes que regresan a EE. UU.",7,8,9,10,11,12,13,14,15,None
0,1,2,3,4,5,"Qué hacer si un ciudadano de EE. UU. muere en el extranjero",7,8,9,10,11,12,13,14,15,None
0,1,2,3,4,5,"Ahorre tiempo con los programas para viajeros de confianza",7,8,9,10,11,12,13,14,15,None
0,1,2,3,4,5,"Licencia de conducir internacional para ciudadanos estadounidenses",7,8,9,10,11,12,13,14,15,None
0,1,2,3,4,5,"¿Los estadounidenses necesitan pasaporte para viajar hacia o desde los territorios de EE. UU.?",7,8,9,10,11,12,13,14,15,None
0,1,2,3,4,5,"Conducir en EE. UU. con licencia del extranjero",7,8,9,10,11,12,13,14,15,None
0,1,2,3,4,5,"Pasaportes estadounidenses perdidos o robados",7,8,9,10,11,12,13,14,15,None
0,1,2,3,4,5,"Cómo solicitar cupones para alimentos (SNAP)",7,8,9,10,11,12,13,14,15,None
0,1,2,3,4,5,"Obtenga asistencia alimentaria con el programa WIC",7,8,9,10,11,12,13,14,15,None
0,1,2,3,4,5,"Programas de alimentos para adultos mayores",7,8,9,10,11,12,13,14,15,None
0,1,2,3,4,5,"Conozca los beneficios del “welfare”o Asistencia Temporal para Familias Necesitadas (TANF)",7,8,9,10,11,12,13,14,15,None
0,1,2,3,4,5,"Encuentre ayuda para pagar la luz y el gas",7,8,9,10,11,12,13,14,15,None
0,1,2,3,4,5,"Obtenga ayuda para el cuidado de niños y aprenda sobre “Head Start”",7,8,9,10,11,12,13,14,15,None
0,1,2,3,4,5,"Cheques y pagos del Gobierno",7,8,9,10,11,12,13,14,15,None
0,1,2,3,4,5,"Dónde reportar pagos equivocados de beneficios del Gobierno",7,8,9,10,11,12,13,14,15,None
0,1,2,3,4,5,"Estafas de beneficios de desempleo",7,8,9,10,11,12,13,14,15,None
0,1,2,3,4,5,"Cómo reportar la muerte de un beneficiario del Seguro Social o Medicare",7,8,9,10,11,12,13,14,15,None
0,1,2,3,4,5,"Estafas de impostores",7,8,9,10,11,12,13,14,15,None
0,1,2,3,4,5,"Estafas relacionadas con trámites migratorios",7,8,9,10,11,12,13,14,15,None
0,1,2,3,4,5,"Robo de identidad",7,8,9,10,11,12,13,14,15,None
0,1,2,3,4,5,"Dónde poner una queja sobre llamadas de telemercadeo",7,8,9,10,11,12,13,14,15,None
0,1,2,3,4,5,"Cómo crear y financiar una pequeña empresa",7,8,9,10,11,12,13,14,15,None
0,1,2,3,4,5,"Dónde poner una queja sobre compras en línea",7,8,9,10,11,12,13,14,15,None
0,1,2,3,4,5,"Cómo obtener una licencia o permiso de importación",7,8,9,10,11,12,13,14,15,None
0,1,2,3,4,5,"Cómo obtener una licencia o permiso de exportación",7,8,9,10,11,12,13,14,15,None
0,1,2,3,4,5,"Cómo poner quejas sobre productos o servicios",7,8,9,10,11,12,13,14,15,None
0,1,2,3,4,5,"Programas de comidas escolares y alimentación infantil",7,8,9,10,11,12,13,14,15,None
0,1,2,3,4,5,"Cómo poner una queja contra una compañía de cable o satélite",7,8,9,10,11,12,13,14,15,None
0,1,2,3,4,5,"Calcule el costo de sus estudios universitarios",7,8,9,10,11,12,13,14,15,None
0,1,2,3,4,5,"Dónde poner una queja por discriminación al intentar rentar una vivienda",7,8,9,10,11,12,13,14,15,None
0,1,2,3,4,5,"Cómo poner una queja contra una compañía de teléfono",7,8,9,10,11,12,13,14,15,None
0,1,2,3,4,5,"Cómo poner una queja contra una compañía hipotecaria",7,8,9,10,11,12,13,14,15,None
0,1,2,3,4,5,"Dónde poner una queja relacionada con viajes",7,8,9,10,11,12,13,14,15,None
0,1,2,3,4,5,"Solicitar un pasaporte estadounidense para adultos por primera vez",7,8,9,10,11,12,13,14,15,None
0,1,2,3,4,5,"Formulario I-94: registro de entrada y salida de EE. UU.",7,8,9,10,11,12,13,14,15,None
0,1,2,3,4,5,"Ayuda inmediata para conseguir alimentos",7,8,9,10,11,12,13,14,15,None
0,1,2,3,4,5,"Renovar el pasaporte estadounidense de un adulto",7,8,9,10,11,12,13,14,15,None
0,1,2,3,4,5,"Ayuda con gastos fúnebres por COVID-19",7,8,9,10,11,12,13,14,15,None
0,1,2,3,4,5,"Pago por horas extra y festivos",7,8,9,10,11,12,13,14,15,None
0,1,2,3,4,5,"Solicitar un pasaporte para un menor de 18 años",7,8,9,10,11,12,13,14,15,None
0,1,2,3,4,5,"Qué es el Seguro Social y cómo funciona",7,8,9,10,11,12,13,14,15,None
0,1,2,3,4,5,"Solicitud Gratuita de Ayuda Federal para Estudiantes (FAFSA)",7,8,9,10,11,12,13,14,15,None
0,1,2,3,4,5,"Cómo resolver los problemas de pago de los préstamos estudiantiles",7,8,9,10,11,12,13,14,15,None
0,1,2,3,4,5,"Comience a pagar su préstamo federal para estudiantes",7,8,9,10,11,12,13,14,15,None
0,1,2,3,4,5,"Tipos de ayuda económica para estudiantes",7,8,9,10,11,12,13,14,15,None
0,1,2,3,4,5,"Dónde encontrar bibliotecas públicas",7,8,9,10,11,12,13,14,15,None
0,1,2,3,4,5,"Encuentre ayuda para aprender inglés en Estados Unidos",7,8,9,10,11,12,13,14,15,None
0,1,2,3,4,5,"Estudiar en EE. UU. como estudiante internacional",7,8,9,10,11,12,13,14,15,None
0,1,2,3,4,5,"Votación por adelantado",7,8,9,10,11,12,13,14,15,None
0,1,2,3,4,5,"Voto ausente o voto por correo",7,8,9,10,11,12,13,14,15,None
0,1,2,3,4,5,"Visitantes extranjeros: qué hacer si pierde o le roban su visa o pasaporte",7,8,9,10,11,12,13,14,15,None
0,1,2,3,4,5,"Elecciones estatales y locales",7,8,9,10,11,12,13,14,15,None
0,1,2,3,4,5,"Añadir el nombre de un candidato a la boleta de votación",7,8,9,10,11,12,13,14,15,None
0,1,2,3,4,5,"Requisitos de viaje para menores de edad",7,8,9,10,11,12,13,14,15,None
0,1,2,3,4,5,"Requisitos para ser candidato a la presidencia de EE. UU.",7,8,9,10,11,12,13,14,15,None
0,1,2,3,4,5,"Leyes y enmiendas constitucionales que protegen el derecho a votar",7,8,9,10,11,12,13,14,15,None
0,1,2,3,4,5,"Declaración de impuestos federales",7,8,9,10,11,12,13,14,15,None
0,1,2,3,4,5,"Visa de inmigrante para trabajar en Estados Unidos",7,8,9,10,11,12,13,14,15,None
0,1,2,3,4,5,"Trabajar en EE. UU. con un permiso de trabajo (EAD)",7,8,9,10,11,12,13,14,15,None
0,1,2,3,4,5,"Cómo renovar o reemplazar su tarjeta de residente permanente (“Green Card”)",7,8,9,10,11,12,13,14,15,None
0,1,2,3,4,5,"Resultados de la lotería de visas de diversidad y qué debe hacer si gana",7,8,9,10,11,12,13,14,15,None
0,1,2,3,4,5,"Cómo solicitar asilo en Estados Unidos",7,8,9,10,11,12,13,14,15,None
0,1,2,3,4,5,"Cómo revisar el estatus de su caso de inmigración",7,8,9,10,11,12,13,14,15,None
0,1,2,3,4,5,"Cómo solicitar refugio en Estados Unidos",7,8,9,10,11,12,13,14,15,None
0,1,2,3,4,5,"Cómo obtener la ciudadanía estadounidense a través de la naturalización",7,8,9,10,11,12,13,14,15,None
0,1,2,3,4,5,"Formularios para declarar impuestos",7,8,9,10,11,12,13,14,15,None
0,1,2,3,4,5,"Créditos y deducciones",7,8,9,10,11,12,13,14,15,None
0,1,2,3,4,5,"Conozca cómo funciona el proceso de deportación",7,8,9,10,11,12,13,14,15,None
0,1,2,3,4,5,"Cómo localizar a una persona detenida por ICE",7,8,9,10,11,12,13,14,15,None
0,1,2,3,4,5,"Cómo reportar una violación a las leyes de inmigración de EE. UU.",7,8,9,10,11,12,13,14,15,None
0,1,2,3,4,5,"Consideración de Acción Diferida para los Llegados en la Infancia (DACA)",7,8,9,10,11,12,13,14,15,None
0,1,2,3,4,5,"Cómo averiguar el estatus de una solicitud de visa",7,8,9,10,11,12,13,14,15,None
0,1,2,3,4,5,"Programa de Exención de Visa y solicitud ESTA",7,8,9,10,11,12,13,14,15,None
0,1,2,3,4,5,"Cómo calcular sus créditos o beneficios de jubilación del Seguro Social",7,8,9,10,11,12,13,14,15,None
0,1,2,3,4,5,"Cómo obtener un préstamo del Gobierno de EE. UU.",7,8,9,10,11,12,13,14,15,None
0,1,2,3,4,5,"Cómo abrir y elegir una cuenta de banco",7,8,9,10,11,12,13,14,15,None
0,1,2,3,4,5,"Subvenciones del Gobierno de EE. UU.",7,8,9,10,11,12,13,14,15,None
0,1,2,3,4,5,"Cómo encontrar dinero sin reclamar",7,8,9,10,11,12,13,14,15,None
0,1,2,3,4,5,"Ahorro e inversiones",7,8,9,10,11,12,13,14,15,None
0,1,2,3,4,5,"Reportes y puntajes de crédito",7,8,9,10,11,12,13,14,15,None
0,1,2,3,4,5,"Préstamos y subvenciones",7,8,9,10,11,12,13,14,15,None
0,1,2,3,4,5,"Qué es un reporte de crédito y cómo obtener su copia",7,8,9,10,11,12,13,14,15,None
0,1,2,3,4,5,"Cómo corregir errores en su reporte de crédito",7,8,9,10,11,12,13,14,15,None
0,1,2,3,4,5,"Cómo congelar su reporte de crédito",7,8,9,10,11,12,13,14,15,None
0,1,2,3,4,5,"Protéjase de las estafas ofreciendo “dinero gratis” del Gobierno",7,8,9,10,11,12,13,14,15,None
0,1,2,3,4,5,"Cómo poner una queja contra un banco, agencia de crédito o inversiones",7,8,9,10,11,12,13,14,15,None
0,1,2,3,4,5,"Cómo obtener una REAL ID y utilizarla para viajar dentro de EE. UU.",7,8,9,10,11,12,13,14,15,None
0,1,2,3,4,5,"Recibir beneficios del Seguro Social en el extranjero",7,8,9,10,11,12,13,14,15,None
0,1,2,3,4,5,"Cómo solicitar o renovar una visa de turista para ir a EE. UU.",7,8,9,10,11,12,13,14,15,None
0,1,2,3,4,5,"Averigüe si tiene que presentar una declaración de impuestos",7,8,9,10,11,12,13,14,15,None
0,1,2,3,4,5,"Cómo averiguar si su declaración de impuestos fue recibida",7,8,9,10,11,12,13,14,15,None
0,1,2,3,4,5,"Consiga ayuda para presentar impuestos",7,8,9,10,11,12,13,14,15,None
0,1,2,3,4,5,"Qué hacer si su reembolso de impuestos es menor de lo esperado",7,8,9,10,11,12,13,14,15,None
0,1,2,3,4,5,"Cómo declarar y pagar impuestos estatales y locales",7,8,9,10,11,12,13,14,15,None
0,1,2,3,4,5,"Cheques de reembolso de impuestos no entregados o sin reclamar",7,8,9,10,11,12,13,14,15,None
0,1,2,3,4,5,"Qué hacer si su formulario W-2 está incorrecto, fue robado o nunca lo recibió",7,8,9,10,11,12,13,14,15,None
0,1,2,3,4,5,"Crédito por cuidado de menores y dependientes",7,8,9,10,11,12,13,14,15,None
0,1,2,3,4,5,"Obtenga los formularios para declarar sus impuestos y dirección para enviarlos por correo",7,8,9,10,11,12,13,14,15,None
0,1,2,3,4,5,"Alivio sobre impuestos por desastre",7,8,9,10,11,12,13,14,15,None
0,1,2,3,4,5,"Cómo obtener transcripciones y copias de sus declaraciones de impuestos",7,8,9,10,11,12,13,14,15,None
0,1,2,3,4,5,"Cómo entender, obtener y mejorar su puntaje de crédito",7,8,9,10,11,12,13,14,15,None
0,1,2,3,4,5,"Qué es un historial de crédito",7,8,9,10,11,12,13,14,15,None
0,1,2,3,4,5,"Moneda estadounidense",7,8,9,10,11,12,13,14,15,None
0,1,2,3,4,5,"Crédito tributario por hijos",7,8,9,10,11,12,13,14,15,None
0,1,2,3,4,5,"Extensión para presentar la declaración de impuestos",7,8,9,10,11,12,13,14,15,None
0,1,2,3,4,5,"Cómo obtener asistencia de emergencia en el extranjero",7,8,9,10,11,12,13,14,15,None
0,1,2,3,4,5,"Averigüe el estado de su reembolso de impuestos federales",7,8,9,10,11,12,13,14,15,None
0,1,2,3,4,5,"Cómo solicitar ayuda económica por desastre natural",7,8,9,10,11,12,13,14,15,None
0,1,2,3,4,5,"Ayuda para comprar comida tras un desastre natural",7,8,9,10,11,12,13,14,15,None
0,1,2,3,4,5,"Obtenga ayuda para pagar sus facturas tras un desastre natural",7,8,9,10,11,12,13,14,15,None
0,1,2,3,4,5,"Cómo solicitar beneficios de desempleo por desastre natural",7,8,9,10,11,12,13,14,15,None
0,1,2,3,4,5,"Cómo solicitar un préstamo por desastre para pequeñas empresas",7,8,9,10,11,12,13,14,15,None
0,1,2,3,4,5,"Resuelva sus disputas con el IRS",7,8,9,10,11,12,13,14,15,None
0,1,2,3,4,5,"Encuentre refugio o vivienda después de un desastre natural",7,8,9,10,11,12,13,14,15,None
0,1,2,3,4,5,"Obtenga ayuda con los pagos de su casa o reparaciones después de un desastre natural",7,8,9,10,11,12,13,14,15,None
0,1,2,3,4,5,"Averigüe su número de registro del Servicio Selectivo",7,8,9,10,11,12,13,14,15,None
0,1,2,3,4,5,"Entierro de veteranos en un cementerio nacional",7,8,9,10,11,12,13,14,15,None
0,1,2,3,4,5,"Subsidio para sepelio de veteranos",7,8,9,10,11,12,13,14,15,None
0,1,2,3,4,5,"Servicio militar y Servicio Selectivo",7,8,9,10,11,12,13,14,15,None
0,1,2,3,4,5,"Beneficios para sobrevivientes y entierros de veteranos",7,8,9,10,11,12,13,14,15,None
0,1,2,3,4,5,"Naturalización por servicio en las Fuerzas Armadas",7,8,9,10,11,12,13,14,15,None
0,1,2,3,4,5,"Cómo ayudar a sobrevivientes de un desastre natural",7,8,9,10,11,12,13,14,15,None
0,1,2,3,4,5,"Cómo revisar o cambiar su retención de impuestos",7,8,9,10,11,12,13,14,15,None
0,1,2,3,4,5,"Cómo contactar al IRS si tiene preguntas sobre su declaración de impuestos",7,8,9,10,11,12,13,14,15,None
0,1,2,3,4,5,"Cómo obtener su reembolso de impuestos por depósito directo",7,8,9,10,11,12,13,14,15,None
0,1,2,3,4,5,"Cómo presentar una declaración de impuestos si vive fuera de Estados Unidos",7,8,9,10,11,12,13,14,15,None
0,1,2,3,4,5,"Declaración de impuestos para extranjeros no residentes",7,8,9,10,11,12,13,14,15,None
0,1,2,3,4,5,"Cómo obtener el pasaporte estadounidense para usted y para toda su familia",7,8,9,10,11,12,13,14,15,None
0,1,2,3,4,5,"Buscador de beneficios",7,8,9,10,11,12,13,14,15,None
0,1,2,3,4,5,"Mejorando la salud de los hombres",7,8,9,10,11,12,13,14,15,None
0,1,2,3,4,5,"Herramientas para planificar la jubilación",7,8,9,10,11,12,13,14,15,None
0,1,2,3,4,5,"Acerca de Estados Unidos y su Gobierno",7,8,9,10,11,12,13,14,15,None
0,1,2,3,4,5,"Compensación para trabajadores por accidentes de trabajo",7,8,9,10,11,12,13,14,15,None
0,1,2,3,4,5,"Beneficios del Seguro Social por incapacidad y para personas con discapacidades",7,8,9,10,11,12,13,14,15,None
0,1,2,3,4,5,"Ayuda económica y beneficios del Gobierno",7,8,9,10,11,12,13,14,15,None
0,1,2,3,4,5,"Dinero y crédito",7,8,9,10,11,12,13,14,15,None
0,1,2,3,4,5,Educación,7,8,9,10,11,12,13,14,15,None
0,1,2,3,4,5,"Estafas y fraudes",7,8,9,10,11,12,13,14,15,None
0,1,2,3,4,5,"Encuentre el beneficio del Gobierno apropiado para usted y su familia",7,8,9,10,11,12,13,14,15,None
0,1,2,3,4,5,"Fuerzas Armadas de EE. UU. y veteranos",7,8,9,10,11,12,13,14,15,None
0,1,2,3,4,5,"Inmigración y ciudadanía",7,8,9,10,11,12,13,14,15,None
0,1,2,3,4,5,"Pequeñas empresas",7,8,9,10,11,12,13,14,15,None
0,1,2,3,4,5,"Trabajo y desempleo",7,8,9,10,11,12,13,14,15,None
0,1,2,3,4,5,Viajes,7,8,9,10,11,12,13,14,15,None
0,1,2,3,4,5,Vivienda,7,8,9,10,11,12,13,14,15,None
0,1,2,3,4,5,"Votaciones y elecciones",7,8,9,10,11,12,13,14,15,None
0,1,2,3,4,5,"Inversiones protegidas por el Gobierno",7,8,9,10,11,12,13,14,15,None
0,1,2,3,4,5,"Salud mental: cómo reconocer que hay un problema y dónde encontrar ayuda",7,8,9,10,11,12,13,14,15,None
0,1,2,3,4,5,"Aprenda sobre las Fuerzas Armadas de EE. UU.",7,8,9,10,11,12,13,14,15,None
0,1,2,3,4,5,"Requisitos para viajar hacia o fuera de Estados Unidos por COVID-19",7,8,9,10,11,12,13,14,15,None
0,1,2,3,4,5,"Ayuda para pagar la cuenta de teléfono e internet",7,8,9,10,11,12,13,14,15,None
0,1,2,3,4,5,"Renunciar o perder la nacionalidad estadounidense",7,8,9,10,11,12,13,14,15,None
0,1,2,3,4,5,"Qué es y cómo obtener la doble nacionalidad o doble ciudadanía",7,8,9,10,11,12,13,14,15,None
0,1,2,3,4,5,"Ayuda de emergencia para encontrar vivienda",7,8,9,10,11,12,13,14,15,None
0,1,2,3,4,5,"Cómo evitar el desalojo de vivienda",7,8,9,10,11,12,13,14,15,None
0,1,2,3,4,5,"Programas de asistencia para pagar la renta",7,8,9,10,11,12,13,14,15,None
0,1,2,3,4,5,"Con cuánto dinero puedo viajar hacia o fuera de EE. UU.",7,8,9,10,11,12,13,14,15,None
0,1,2,3,4,5,"Cómo sacar, reemplazar o corregir una tarjeta del Seguro Social",7,8,9,10,11,12,13,14,15,None
0,1,2,3,4,5,"Cómo poner una queja contra mi arrendador",7,8,9,10,11,12,13,14,15,None
0,1,2,3,4,5,"Cómo cambiar su dirección de correo",7,8,9,10,11,12,13,14,15,None
0,1,2,3,4,5,"Programa de vales para la compra de vivienda",7,8,9,10,11,12,13,14,15,None
0,1,2,3,4,5,"Desastres y emergencias",7,8,9,10,11,12,13,14,15,None
0,1,2,3,4,5,"Programas de climatización y eficiencia energética",7,8,9,10,11,12,13,14,15,None
0,1,2,3,4,5,"Cómo entrar en las Fuerzas Armadas de EE. UU.",7,8,9,10,11,12,13,14,15,None
0,1,2,3,4,5,"Averigüe si debe inscribirse al Servicio Selectivo de Estados Unidos",7,8,9,10,11,12,13,14,15,None
0,1,2,3,4,5,"Beneficios educativos y laborales para militares, veteranos y sus familias",7,8,9,10,11,12,13,14,15,None
0,1,2,3,4,5,"Información sobre las Fuerzas Armadas de Estados Unidos",7,8,9,10,11,12,13,14,15,None
0,1,2,3,4,5,"Honores fúnebres para miembros de las Fuerzas Armadas",7,8,9,10,11,12,13,14,15,None
0,1,2,3,4,5,"Programas de reparación de viviendas para grupos especiales",7,8,9,10,11,12,13,14,15,None
0,1,2,3,4,5,"Dónde ver alertas de viaje y cómo registrarse en STEP",7,8,9,10,11,12,13,14,15,None
0,1,2,3,4,5,"Cómo obtener un Número de Identificación Personal del Contribuyente",7,8,9,10,11,12,13,14,15,None
0,1,2,3,4,5,"Beneficios de las Fuerzas Armadas para sobrevivientes",7,8,9,10,11,12,13,14,15,None
0,1,2,3,4,5,"Ingresar a EE. UU. desde Canadá, México, el Caribe y las Bermudas",7,8,9,10,11,12,13,14,15,None
0,1,2,3,4,5,"Cómo evitar la ejecución hipotecaria",7,8,9,10,11,12,13,14,15,None
0,1,2,3,4,5,"Vivienda pública",7,8,9,10,11,12,13,14,15,None
0,1,2,3,4,5,"Asistencia con el pago de la renta para grupos específicos",7,8,9,10,11,12,13,14,15,None
0,1,2,3,4,5,"Programas de ayuda del Gobierno para reparar viviendas ",7,8,9,10,11,12,13,14,15,None
0,1,2,3,4,5,"Asistencia de emergencia para pagar la renta",7,8,9,10,11,12,13,14,15,None
0,1,2,3,4,5,"Programa de Vales de Elección de Vivienda (Sección 8)",7,8,9,10,11,12,13,14,15,None
0,1,2,3,4,5,"Encuentre una vivienda subsidiada de alquiler reducido",7,8,9,10,11,12,13,14,15,None
0,1,2,3,4,5,"Programas de asistencia hipotecaria del Gobierno ",7,8,9,10,11,12,13,14,15,None
0,1,2,3,4,5,"Vivienda para personas sin hogar",7,8,9,10,11,12,13,14,15,None
0,1,2,3,4,5,"Encuentre y contacte a los funcionarios electos",7,8,9,10,11,12,13,14,15,None
0,1,2,3,4,5,"Prisiones y prisioneros",7,8,9,10,11,12,13,14,15,None
0,1,2,3,4,5,"Cómo buscar presos y expedientes penitenciarios",7,8,9,10,11,12,13,14,15,None
0,1,2,3,4,5,"Cómo visitar o mandarle dinero a un prisionero ",7,8,9,10,11,12,13,14,15,None
0,1,2,3,4,5,"Cómo presentar una queja contra una prisión estatal o federal",7,8,9,10,11,12,13,14,15,None
0,1,2,3,4,5,"Como cambiar de profesión",7,8,9,10,11,12,13,14,15,None
0,1,2,3,4,5,"Solicitud de copias de certificados del registro civil y documentos de identidad",7,8,9,10,11,12,13,14,15,None
0,1,2,3,4,5,"Asuntos legales familiares",7,8,9,10,11,12,13,14,15,None
0,1,2,3,4,5,"Cómo sacar copia de un certificado o de una licencia de matrimonio",7,8,9,10,11,12,13,14,15,None
0,1,2,3,4,5,"Cómo sacar copia de un decreto de divorcio o del certificado de divorcio",7,8,9,10,11,12,13,14,15,None
0,1,2,3,4,5,Salud,7,8,9,10,11,12,13,14,15,None
0,1,2,3,4,5,"Seguros médicos en Estados Unidos",7,8,9,10,11,12,13,14,15,None
0,1,2,3,4,5,"Cómo funciona la continuación de cobertura médica bajo COBRA",7,8,9,10,11,12,13,14,15,None
0,1,2,3,4,5,"Obtenga información de salud confiable en MedlinePlus",7,8,9,10,11,12,13,14,15,None
0,1,2,3,4,5,"Ayuda para problemas de salud mental",7,8,9,10,11,12,13,14,15,None
0,1,2,3,4,5,"Información, pruebas y vacunas gratis contra el COVID-19",7,8,9,10,11,12,13,14,15,None
0,1,2,3,4,5,"Reporte de crímenes y ayuda para víctimas",7,8,9,10,11,12,13,14,15,None
0,1,2,3,4,5,"Leyes y asuntos legales",7,8,9,10,11,12,13,14,15,None
0,1,2,3,4,5,Quejas,7,8,9,10,11,12,13,14,15,None
0,1,2,3,4,5,"Quejas del consumidor",7,8,9,10,11,12,13,14,15,None
0,1,2,3,4,5,"Ayuda para el abuso de alcohol y drogas",7,8,9,10,11,12,13,14,15,None
0,1,2,3,4,5,"Cómo sacar una copia certificada del certificado de nacimiento",7,8,9,10,11,12,13,14,15,None
0,1,2,3,4,5,"Acerca de USAGov en Español",7,8,9,10,11,12,13,14,15,None
0,1,2,3,4,5,"Sus funcionarios electos",7,8,9,10,11,12,13,14,15,None
0,1,2,3,4,5,"Declaración de la Ley de Reducción de Papeleo para la encuesta sobre utilidad de la página",7,8,9,10,11,12,13,14,15,None
0,1,2,3,4,5,"Declaración de la Ley de Reducción de Papeleo para la encuesta sobre satisfacción del cliente",7,8,9,10,11,12,13,14,15,None
0,1,2,3,4,5,"Declaración de la Ley de Reducción de Papeleo para la encuesta telefónica del centro de llamadas",7,8,9,10,11,12,13,14,15,None
0,1,2,3,4,5,"Cómo recibir una paga por cuidar a un familiar",7,8,9,10,11,12,13,14,15,None
0,1,2,3,4,5,"Continuación de los beneficios por incapacidad mientras trabaja",7,8,9,10,11,12,13,14,15,None
0,1,2,3,4,5,"Programas de capacitación y trabajos para personas con discapacidades",7,8,9,10,11,12,13,14,15,None
0,1,2,3,4,5,"Derechos de la Ley para Estadounidenses con Discapacidades (ADA)",7,8,9,10,11,12,13,14,15,None
0,1,2,3,4,5,"Cómo poner una queja contra una agencia de Gobierno de Estados Unidos",7,8,9,10,11,12,13,14,15,None
0,1,2,3,4,5,"Quejas contra servicios, agencias del Gobierno y prisiones de Estados Unidos",7,8,9,10,11,12,13,14,15,None
0,1,2,3,4,5,"Política de enlace de USAGov en Español",7,8,9,10,11,12,13,14,15,None
0,1,2,3,4,5,"Beneficios del Gobierno por fallecimiento",7,8,9,10,11,12,13,14,15,None
0,1,2,3,4,5,"Servicios para personas con discapacidades",7,8,9,10,11,12,13,14,15,None
0,1,2,3,4,5,"Declaraciones de la Ley de Reducción del Papeleo (PRA)",7,8,9,10,11,12,13,14,15,None
0,1,2,3,4,5,"Cómo encontrar a un abogado y asistencia legal gratis o a bajo costo",7,8,9,10,11,12,13,14,15,None
0,1,2,3,4,5,"Cómo conseguir un seguro a través del Mercado de Seguros Médicos",7,8,9,10,11,12,13,14,15,None
0,1,2,3,4,5,"Cómo reportar la muerte de alguien y cerrar sus cuentas y beneficios",7,8,9,10,11,12,13,14,15,None
0,1,2,3,4,5,Search.gov,7,8,9,10,11,12,13,14,15,None
0,1,2,3,4,5,Vote.gov,7,8,9,10,11,12,13,14,15,None
0,1,2,3,4,5,"Nuestro blog",7,8,9,10,11,12,13,14,15,None
0,1,2,3,4,5,"Valores y principios éticos de USAGov",7,8,9,10,11,12,13,14,15,None
0,1,2,3,4,5,"Cómo presentar una solicitud para Medicaid y CHIP",7,8,9,10,11,12,13,14,15,None
0,1,2,3,4,5,"Cómo obtener ayuda para reclamar la manutención infantil",7,8,9,10,11,12,13,14,15,None
0,1,2,3,4,5,"Cómo obtener ayuda para pagar gastos médicos",7,8,9,10,11,12,13,14,15,None
0,1,2,3,4,5,"Cómo solicitar un cambio de nombre y notificar a las agencias del Gobierno",7,8,9,10,11,12,13,14,15,None
0,1,2,3,4,5,"Cómo sacar copia certificada del certificado de defunción",7,8,9,10,11,12,13,14,15,None
0,1,2,3,4,5,"Cómo reemplazar documentos de identidad perdidos o robados",7,8,9,10,11,12,13,14,15,None
0,1,2,3,4,5,"¿Se puede votar por internet?",7,8,9,10,11,12,13,14,15,None
0,1,2,3,4,5,"Promoción del programa USAGov",7,8,9,10,11,12,13,14,15,None
0,1,2,3,4,5,"Centro de llamadas de USAGov",7,8,9,10,11,12,13,14,15,None
0,1,2,3,4,5,"Misión e historia de USAGov",7,8,9,10,11,12,13,14,15,None
0,1,2,3,4,5,"Decida por quién votar",7,8,9,10,11,12,13,14,15,None
0,1,2,3,4,5,"Cómo presentar una queja sobre el Servicio Postal de Estados Unidos",7,8,9,10,11,12,13,14,15,None
0,1,2,3,4,5,"Medicare: cómo funciona y cómo inscribirse",7,8,9,10,11,12,13,14,15,None
0,1,2,3,4,5,"Cómo apostillar y autenticar un documento oficial para usarlo fuera de EE. UU.",7,8,9,10,11,12,13,14,15,None
0,1,2,3,4,5,"Cómo reportar un crimen de manera anónima",7,8,9,10,11,12,13,14,15,None
0,1,2,3,4,5,"Encuentre ayuda si sufrió un delito o crimen",7,8,9,10,11,12,13,14,15,None
0,1,2,3,4,5,Impuestos,7,8,9,10,11,12,13,14,15,None
0,1,2,3,4,5,"Cómo encontrar ayuda gratuita para hacer la declaración de impuestos",7,8,9,10,11,12,13,14,15,None
0,1,2,3,4,5,"Cómo declarar sus impuestos federales",7,8,9,10,11,12,13,14,15,None
0,1,2,3,4,5,"Cómo corregir errores en su informe de crédito",7,8,9,10,11,12,13,14,15,None
0,1,2,3,4,5,"Infórmenos sobre problemas en USAGov en Español",7,8,9,10,11,12,13,14,15,None
